Gene,49,Experimentally validated?,Studies in pancreatic cancer,RP-LIT score,GPT-LIT score,CHATGPT score,Weighted score,Mutationfrequency(cBioportalTCGAPanCancerAtlas),GETlistscore,GTlistscore,Expressionlistscore,Weighted Mutationfrequency(cBioportalTCGAPanCancerAtlas) score,weighted CNA(CBIOPORTALTCGAPANCANCERATLAS)score,weighted Mutationfrequency(CbioportalUTSWNatCommun2015) score,weighted CNA(CBIOPORTALUTSWNATCOMMUN2015,Combined weighted score (all BEERE lists),cumulative weighted organ expression score,Mutationfrequency(CbioportalUTSWNatCommun2015),CNA(CBIOPORTALTCGAPANCANCERATLAS),CNA(CBIOPORTALUTSWNATCOMMUN2015,weighted GETlistscore,GETlistrank,weighted GTlistscore,weighted GTlistscore,GTlistrank,weighted Expression listscore,Expressionlistrank,brain expression,Weighted brain expression score,gastrointestinal expression,weighted gastrointestinal expression score,liver expression,weighted liver expression score,kidney expression,weighted kidney expression score,studies of gene in pancreatic cancer(last 10 years),Occurance,,,,
PIK3CA,49/50,Yes,175,0.196,1.771,310,34.2,2.8,96,58.7,97,0.2212,0.1296,-0.0851,0.5628,-2.02079,-2.129,3.7,2.7,2.8,8.19825,31,-3.75488,-18.7744,5,8.55536,29,4,-0.204,6,-0.57,7,-0.707,8,-0.648,146,1,,,,
MYC,,Yes,945,0.032,0.349,330,30.1,0,214,9.5,210,0,0.6,-0.0207,2.3919,33.62238,-12.613,0.9,12.5,11.9,18.1815,3,-0.608,-3.04,50,18.48088,3,3,-0.153,45,-4.275,65,-6.565,20,-1.62,703,1,,,,
SRC,,Yes,450,0.044,0.711,320,20,1.1,143,0,144,0.0869,0,0,1.1055,24.82372,-6.065,0,0,5.5,12.1482,9,0,0,0,12.67552,8,5,-0.255,39,-3.705,4,-0.404,21,-1.701,243,2,,,,
EGFR,,Yes,1870,0.01,0.171,320,18.1,0.6,134,2.4,133,0.0474,0.024,-0.0207,0.1809,22.3433,-5.967,0.9,0.5,0.9,11.3645,10,-0.15296,-0.7648,227,11.7436,10,10,-0.51,10,-0.95,35,-3.535,12,-0.972,989,9,,,,
CDK1,,Yes,119,0.133,2.563,305,15.9,0,101,3,102,0,0.024,0,0,16.54618,-2.624,0,0.5,0,8.5697,27,-0.19392,-0.9696,167,8.94608,26,8,-0.408,8,-0.76,8,-0.808,8,-0.648,100,1,,,,
PRKCA,,Yes,9,1.7,25.556,230,15.3,0,83,2.4,86,0,0,0,0,13.79503,0,0,0,0,7.01335,42,-0.1504,-0.752,243,7.53368,38,0,0,0,0,0,0,0,0,2,1,,,,
TNF,,Yes,924,0.013,0.292,270,12.1,0,62,1.7,60,0,0.1056,0,1.2864,9.96166,-0.2769,0,2.2,6.4,5.2343,90,-0.1056,-0.528,426,5.25536,88,0.1,-0.0051,1.2,-0.114,0.6,-0.0606,1.2,-0.0972,507,3,,,,
LCK,,Yes,9,1.273,24.444,220,11.5,0.6,67,1,67,0.0474,0,0,0.7437,11.26923,-1.2574,0,0,3.7,5.66355,74,-0.06528,-0.3264,1002,5.93208,70,0.2,-0.0102,8,-0.76,3.3,-0.3333,1.9,-0.1539,6,1,,,,
JAK2,,Yes,130,0.082,2.192,285,10.6,0.6,70,0,70,0.0474,0.024,0,0.3618,12.07294,-1.892,0,0.5,1.8,5.9279,69,0,0,0,6.14504,65,3,-0.153,8,-0.76,4.4,-0.4444,6.6,-0.5346,105,3,,,,
MAPK1,,Yes,74,0.139,4.122,305,10.3,0,121,0,117,0,0.024,-0.0414,0.7437,20.57237,-11.0288,1.8,0.5,3.7,10.25525,15,0,0,0,10.31712,17,32,-1.632,29,-2.755,33.2,-3.3532,40.6,-3.2886,57,2,,,,
MTOR,,Yes,1197,0.008,0.246,295,9.1,1.7,48,1.7,47,0.1343,0.0528,-0.0207,0.1809,7.67473,,0.9,1.1,0.9,4.10465,152,-0.11072,-0.5536,338,4.12368,138,5,-0.255,6.7,-0.6365,7,-0.707,8,-0.648,-2.2465,1,,,,
AURKB,,Yes,26,0.334,8.462,220,8.7,0,52,1.7,52,0,0,-0.0207,0.1809,8.47745,-1.0299,0.9,0,0.9,4.43785,129,-0.10816,-0.5408,401,4.5804,119,0.1,-0.0051,8,-0.76,1.9,-0.1919,0.9,-0.0729,9,1,,,,
KRAS,,Yes,4366,0.002,0.068,295,7.7,65.4,30,15.3,7,5.1666,0.2064,-2.1091,1.2864,-1.74267,-4.9158,91.7,4.3,6.4,2.57805,296,-0.98048,-4.9024,25,0.58168,625,16,-0.816,20,-1.9,13.6,-1.3736,10.2,-0.8262,3072,1,,,,
MAPK8,,Yes,12,0.587,18.333,220,7,0.6,60,1.4,58,0.0474,0,-0.0207,0.1809,9.77504,-3.8052,0.9,0,0.9,5.0728,92,-0.08704,-0.4352,548,5.13744,90,9,-0.459,8,-0.76,15.1,-1.5251,13.1,-1.0611,8,1,,,,
TOP2A,,Yes,32,0.214,9.688,310,6.9,0.6,41,1.7,41,0.0474,0.0768,0,0.9246,6.51571,-1.7919,0,1.6,4.6,3.44675,207,-0.10816,-0.5408,399,3.60976,176,0.1,-0.0051,15,-1.425,2.7,-0.2727,1.1,-0.0891,28,4,,,,
ITGA4,,Yes,3,2.285,73.333,220,6.9,0.6,40,4.3,37,0.0474,0,0,0.5628,5.23292,-1.7283,0,0,2.8,3.3694,215,-0.27392,-1.3696,110,3.23312,197,0.2,-0.0102,10,-0.95,5.6,-0.5656,2.5,-0.2025,3,1,,,,
CHEK1,,Yes,52,0.128,4.231,220,6.7,0,46,1.7,45,0,0,0,0.5628,7.32999,-1.2247,0,0,2.8,3.87175,170,-0.1088,-0.544,372,4.00224,147,1.3,-0.0663,8,-0.76,2.1,-0.2121,2.3,-0.1863,34,1,,,,
BCL2,,Yes,,,,220,6.2,0.6,13,1.4,13,0.0474,0.1296,0,3.8793,1.81941,-1.436,0,2.7,19.3,1.12965,519,-0.08768,-0.4384,504,1.12816,358,4,-0.204,5.3,-0.5035,2,-0.202,6.5,-0.5265,,2,,,,
PRKCB,,Yes,,,,250,6,0.6,43,1,42,0.0474,0.024,-0.0207,0.1809,7.06528,-2.608,0.9,0.5,0.9,3.6652,191,-0.06464,-0.3232,1111,3.72328,166,28,-1.428,5.76,-0.5472,4.1,-0.4141,2.7,-0.2187,,1,,,,
ERBB4,,Yes,,,,220,5.5,1.1,28,1,28,0.0869,0.0768,-0.0644,0.1809,4.56344,-0.679,2.8,1.6,0.9,2.3868,315,-0.06592,-0.3296,925,2.50624,243,5,-0.255,0.2,-0.019,0,0,5,-0.405,,1,,,,
RRM2,,Yes,,,,315,5.4,0.6,32,1,31,0.0474,0.2352,0,0,5.08685,-1.3513,0,4.9,0,2.70045,282,-0.06656,-0.3328,805,2.7192,228,0.3,-0.0153,10,-0.95,3.1,-0.3131,0.9,-0.0729,,1,,,,
NTRK1,,Yes,,,,310,4.9,1.7,9,0,8,0.1343,0.1824,-0.0207,3.4974,1.4182,-0.2977,0.9,3.8,17.4,0.7582,598,0,0,0,0.66,536,0.3,-0.0153,0.5,-0.0475,0,0,2.9,-0.2349,,1,,,,
ABL1,,Yes,15,0.324,14.667,220,4.9,0.6,81,3.4,83,0.0474,0.024,0,0.5628,13.09018,-11.0694,0,0.5,2.8,6.9037,47,-0.22016,-1.1008,138,7.28728,42,23,-1.173,67,-6.365,17,-1.717,22.4,-1.8144,13,1,,,,
KDR,,Yes,,,,255,4.6,0.6,35,1.3,35,0.0474,0.024,-0.0207,0.1809,5.63524,-2.9991,0.9,0.5,0.9,2.975,253,-0.08448,-0.4224,660,3.08264,204,4,-0.204,7,-0.665,8.9,-0.8989,15.2,-1.2312,,9,,,,
PTGS2,,Yes,,,,310,4.5,0,43,0,7,0,0.1296,0,2.0301,4.26365,-1.9726,0,2.7,10.1,3.63885,195,0,0,0,0.6248,566,1,-0.051,3.6,-0.342,7.7,-0.7777,9.9,-0.8019,,4,,,,
FCGR2C,27,No,,,,220,4.4,0.6,2,1.7,2,0.0474,0.1584,0,2.3919,-0.23962,-0.1023,0,3.3,11.9,0.1411,3692,-0.10624,-0.5312,3692,0.15048,2881,0.4,-0.0204,0.5,-0.0475,0.1,-0.0101,0.3,-0.0243,,2,,,,
TERT,,Yes,,,,320,4.2,1.7,10,0,9,0.1343,0.024,0,2.3919,1.6332,0,0,0.5,11.9,0.85,571,0,0,0,0.7832,443,0,0,0,0,0,0,0,0,,1,,,,
RET,,Yes,,,,290,3.9,1.1,23,0,23,0.0869,0,-0.0644,0.7437,3.99751,-0.8548,2.8,0,3.7,1.95415,386,0,0,0,2.04336,279,4,-0.204,3,-0.285,2.9,-0.2929,0.9,-0.0729,,5,,,,
TGFB2,,Yes,,,,180,3.9,0,6,1.4,5,0,0.0768,-0.0207,2.0301,0.48476,-0.511,0.9,1.6,10.1,0.5134,880,-0.08704,-0.4352,582,0.40656,1008,4,-0.204,1.4,-0.133,0.6,-0.0606,1.4,-0.1134,,1,,,,
EGF,,Yes,,,,310,3.7,1.7,55,2,56,0.1343,0,-0.0207,0.5628,8.99032,-8.633,0.9,0,2.8,4.6852,113,-0.13056,-0.6528,289,4.95792,101,0.1,-0.0051,0.1,-0.0095,0,0,106.4,-8.6184,,1,,,,
AKT1,,Yes,,,,290,3.7,0,115,4.7,113,0,0,0,2.0301,18.17475,-22.727,0,0,10.1,9.73675,20,-0.30208,-1.5104,90,9.9484,19,48,-2.448,66,-6.27,97,-9.797,52,-4.212,,1,,,,
FLT4,,Yes,14,0.258,15.714,220,3.6,3.4,7,11.6,7,0.2686,0.0528,-0.0207,1.1055,-2.53872,-2.6586,0.9,1.1,5.5,0.5644,793,-0.74048,-3.7024,37,0.59928,598,2,-0.102,3.8,-0.361,6.1,-0.6161,19.5,-1.5795,6,8,,,,
FCGR3B,,Yes,,,,220,3.5,0.6,0,2.1,0,0.0474,0.1584,-0.0851,2.211,-0.6656,-0.869,3.7,3.3,11,0,0,-0.13312,-0.6656,256,0,na,1.2,-0.0612,1.1,-0.1045,5.6,-0.5656,1.7,-0.1377,,2,,,,
MET,,Yes,,,,285,2.8,0.6,44,1.4,43,0.0474,0,0,0.5628,7.09164,-6.73,0,0,2.8,3.7094,187,-0.08704,-0.4352,586,3.81744,160,2,-0.102,9,-0.855,41.6,-4.2016,19.4,-1.5714,,4,,,,
KCNA1,,Yes,1,2.743,220,220,2.7,1.1,0,10.2,0,0.0869,0.1296,-0.0851,0.7437,-3.2512,-1.383,3.7,2.7,3.7,0,0,-0.65024,-3.2512,44,0,na,26,-1.326,0.6,-0.057,0,0,0,0,0,1,,,,
SSTR5,,Yes,,,,255,2.6,1.1,2,0,1,0.0869,0,0,2.5728,0.22598,-0.2509,0,0,12.8,0.1547,3592,0,0,0,0.07128,6391,0.1,-0.0051,0.2,-0.019,0,0,2.8,-0.2268,,5,,,,
MSLN,,Yes,,,,295,2.6,0.6,0,0,0,0.0474,0,-0.0207,3.4974,0,-0.9462,0.9,0,17.4,0,0,0,0,0,0,na,0.7,-0.0357,4,-0.38,0.2,-0.0202,6.3,-0.5103,,1,,,,
PDCD1,,Yes,,,,280,2.5,0.6,2,0,1,0.0474,0.0528,-0.0414,2.3919,0.30678,-0.2922,1.8,1.1,11.9,0.2091,2492,0,0,0,0.09768,4741,0.1,-0.0051,2,-0.19,0.4,-0.0404,0.7,-0.0567,,9,,,,
PTK6,,Yes,,,,180,2.4,0,2,0,2,0,0.0528,0,4.2411,0.33829,-2.1899,0,1.1,21.1,0.16405,3235,0,0,0,0.17424,2509,0.1,-0.0051,17,-1.615,5,-0.505,0.8,-0.0648,,2,,,,
KIT,,Yes,,,,210,2.4,0.6,1,1,32,0.0474,0.024,0,0.1809,2.6128,-1.809,0,0.5,0.9,0.1156,281,-0.06464,-0.3232,1189,2.8204,219,6,-0.306,8,-0.76,0.7,-0.0707,8.3,-0.6723,,4,,,,
ADRA1D,,Yes,,,,150,2.1,0,3,1.3,3,0,0,0,0.3618,0.0866,-0.1614,0,0,1.8,0.2822,1805,-0.08576,-0.4288,623,0.2332,1907,1,-0.051,0.8,-0.076,0.1,-0.0101,0.3,-0.0243,,1,,,,
JAK3,,Yes,,,,180,1.9,0.6,9,0,9,0.0474,0,0,1.4673,1.53102,-1.1558,0,0,7.3,0.7531,606,0,0,0,0.77792,446,2,-0.102,3,-0.285,2.8,-0.2828,6,-0.486,,3,,,,
TUBB1,,Yes,,,,180,1.9,0.6,2,0,2,0.0474,0.0768,0,1.4673,0.35432,-0.0581,0,1.6,7.3,0.1836,2964,0,0,0,0.17072,2686,0.2,-0.0102,0.1,-0.0095,0.3,-0.0303,0.1,-0.0081,,2,,,,
CDK6,,Yes,,,,230,1.7,0,6,1.7,5,0,0.2064,0,0.5628,0.44212,-1.7441,0,4.3,2.8,0.527,866,-0.11008,-0.5504,355,0.46552,829,3.2,-0.1632,7,-0.665,5.7,-0.5757,4.2,-0.3402,,1,,,,
LIG1,,Yes,,,,215,1.5,0.6,2,0,2,0.0474,0.024,-0.0207,2.211,0.33056,-1.064,0.9,0.5,11,0.1836,2956,0,0,0,0.14696,3164,1.6,-0.0816,5,-0.475,3.5,-0.3535,1.9,-0.1539,,1,,,,
P3H3,,Yes,,,,150,1.5,0,0,0,0,0,0.1296,0,2.0301,0,-0.643,0,2.7,10.1,0,0,0,0,0,0,na,3,-0.153,2.9,-0.2755,0.6,-0.0606,1.9,-0.1539,,1,,,,
LTA,,Yes,,,,160,1.5,1.1,1,0,1,0.0869,0.1056,0,1.2864,0.14623,-0.144,0,2.2,6.4,0.07055,6143,0,0,0,0.07568,5152,0.5,-0.0255,0.8,-0.076,0.1,-0.0101,0.4,-0.0324,,1,,,,
KCNH2,,Yes,,,,180,1.5,0.6,2,0,2,0.0474,0.024,0,2.5728,0.40625,-1.5993,0,0.5,12.8,0.20825,2566,0,0,0,0.198,2234,5,-0.255,13,-1.235,0.2,-0.0202,1.1,-0.0891,,1,,,,
FCGR1A,,Yes,,,,180,1.4,0.6,2,0,2,0.0474,0.2064,0,2.211,0.28378,-1.2993,0,4.3,11,0.1377,3999,0,0,0,0.14608,3181,8.8,-0.4488,2.1,-0.1995,4.2,-0.4242,2.8,-0.2268,,3,,,,
DNMT1,,Yes,,,,210,1.4,0,6,1,5,0,0,0,0.9246,0.63293,-1.509,0,0,4.6,0.51085,887,-0.06464,-0.3232,1143,0.44528,877,5,-0.255,6.9,-0.6555,3.6,-0.3636,2.9,-0.2349,,1,,,,
IL2RA,,,,,,200,1.3,0.6,8,0,8,0.0474,0.0528,0,0.1809,1.39429,-0.3369,0,1.1,0.9,0.68765,640,0,0,0,0.70664,488,0.7,-0.0357,2,-0.19,0.7,-0.0707,0.5,-0.0405,,1,,,,
CHEK2,,,,,,200,1.3,0.6,6,1,5,0.0474,0.024,-0.0644,0.5628,0.64279,-1.3274,2.8,0.5,2.8,0.53295,848,-0.06656,-0.3328,758,0.44264,884,1.1,-0.0561,5,-0.475,6.2,-0.6262,2.1,-0.1701,,1,,,,
FLT3,,,,,,180,1.1,1.1,5,0,5,0.0869,0,0,0.5628,0.79859,-0.3834,0,0,2.8,0.38675,1275,0,0,0,0.41184,998,3,-0.153,0.7,-0.0665,0.5,-0.0505,1.4,-0.1134,,5,,,,
SSTR4,,,,,,190,1,0.6,1,0,0,0.0474,0.0768,0,0.7437,0.1105,-0.0051,0,1.6,3.7,0.1105,4883,0,0,0,0,na,0.1,-0.0051,0,0,0,0,0,0,,2,,,,
SELP,,,,,,180,0.9,1.1,1,0,0,0.0869,0.1584,-0.0414,1.6683,0.11305,-1.0429,1.8,3.3,8.3,0.11305,4793,0,0,0,0,na,1,-0.051,3.2,-0.304,2.4,-0.2424,5.5,-0.4455,,2,,,,
TEK,,,,,,200,0.9,1.1,8,1.3,8,0.0869,0.024,-0.0207,1.6683,0.93259,-3.5144,0.9,0.5,8.3,0.67915,645,-0.08448,-0.4224,664,0.67584,521,6,-0.306,4,-0.38,10.2,-1.0302,22.2,-1.7982,,3,,,,
CHRM1,,,,,,170,0.9,0,4,0,2,0,0.024,0,1.4673,0.50121,-1.1347,0,0.5,7.3,0.31025,1638,0,0,0,0.19096,2397,21,-1.071,0.5,-0.0475,0,0,0.2,-0.0162,,1,,,,
EPHA2,,,,,,235,0.8,0.6,19,1,21,0.0474,0.024,-0.0207,1.1055,3.1236,-4.8257,0.9,0.5,5.5,1.6524,441,-0.06656,-0.3328,838,1.804,301,3,-0.153,14,-1.33,18.5,-1.8685,18.2,-1.4742,,1,,,,
SSTR3,,,,,,190,0.8,0.6,2,0,1,0.0474,0.0528,0,0.5628,0.25059,-0.1386,0,1.1,2.8,0.15555,3580,0,0,0,0.09504,4874,2,-0.102,0.3,-0.0285,0,0,0.1,-0.0081,,3,,,,
IL2RB,,,,,,180,0.8,0.6,9,0,9,0.0474,0.0528,0,0.5628,1.53706,-1.4258,0,1.1,2.8,0.7565,600,0,0,0,0.78056,444,0.3,-0.0153,6,-0.57,7.6,-0.7676,0.9,-0.0729,,1,,,,
ATP2A1,,,,,,180,0.7,1.7,1,0,1,0.1343,0.024,0,0.9246,0.1869,-0.5835,0,0.5,4.6,0.0901,5821,0,0,0,0.0968,4825,1.2,-0.0612,1.2,-0.114,3,-0.303,1.3,-0.1053,,1,,,,
TNFSF11,,,,,,180,0.7,0,4,0,3,0,0,0,0.5628,0.5676,-0.48,0,0,2.8,0.2992,1713,0,0,0,0.2684,1619,0,0,0.8,-0.076,4,-0.404,0,0,,1,,,,
TACR1,,,,,,180,0.6,0.6,3,0,2,0.0474,0,0,0.3618,0.42718,-0.1967,0,0,1.8,0.2635,1957,0,0,0,0.16368,2815,2,-0.102,0.4,-0.038,0,0,0.7,-0.0567,,1,,,,
CACNA2D1,,,,,,180,0.6,0.6,0,1,1,0.0474,0.0528,-0.0414,0.7437,-0.2516,-1.3076,1.8,1.1,3.7,0,0,-0.06528,-0.3264,1048,0.0748,5636,8.7,-0.4437,3,-0.285,1,-0.101,5.9,-0.4779,,1,,,,
PIAS3,,,,,,180,0.6,0.6,5,1,16,0.0474,0.2064,0,1.6683,1.5257,-4.2434,0,4.3,8.3,0.4165,1160,-0.06592,-0.3296,893,1.4388,332,9.1,-0.4641,21,-1.995,7,-0.707,13.3,-1.0773,,1,,,,
HTR1A,,,,,,180,0.4,1.1,2,0,1,0.0869,0,0,0.1809,0.25314,-0.0744,0,0,0.9,0.1581,3529,0,0,0,0.09504,4891,1.3,-0.0663,0,0,0,0,0.1,-0.0081,,1,,,,
GABRD,,,,,,180,0.4,1.1,0,0,0,0.0869,0.0768,0,1.6683,0,-1.4043,0,1.6,8.3,0,0,0,0,0,0,na,26,-1.326,0.1,-0.0095,0.2,-0.0202,0.6,-0.0486,,1,,,,
CDK15,,,,,,180,0.4,0.6,0,0,0,0.0474,0.0768,0,0.3618,0,-0.0769,0,1.6,1.8,0,0,0,0,0,0,na,0.1,-0.0051,0.5,-0.0475,0,0,0.3,-0.0243,,1,,,,
VDR,,,,,,180,0.4,0,32,1.4,8,0,0.024,0,1.1055,3.02171,-5.5524,0,0.5,5.5,2.75995,271,-0.08704,-0.4352,550,0.69696,500,0.1,-0.0051,40,-3.8,1.1,-0.1111,20.2,-1.6362,,1,,,,
ERBB2,,,,,,255,0.4,1.1,60,1,61,0.0869,0.2352,-0.0207,2.211,10.09657,-13.5889,0.9,4.9,11,5.06345,93,-0.06592,-0.3296,886,5.36272,85,7,-0.357,46,-4.37,30.4,-3.0704,71.5,-5.7915,,5,,,,
HTR2A,,,,,,120,0.4,1.1,2,0,2,0.0869,0,-0.0207,0.1809,0.34061,-0.2098,0.9,0,0.9,0.19805,2706,0,0,0,0.14256,3309,3,-0.153,0.3,-0.0285,0.2,-0.0202,0.1,-0.0081,,1,,,,
GABRB1,,,,,,120,0.3,1.7,0,0,0,0.1343,0.024,-0.0207,0.3618,0,-0.1868,0.9,0.5,1.8,0,0,0,0,0,0,na,3,-0.153,0.1,-0.0095,0,0,0.3,-0.0243,,1,,,,
GABRA4,,,,,,120,0.3,0.6,0,0,0,0.0474,0.024,-0.0414,0.3618,0,-0.1297,1.8,0.5,1.8,0,0,0,0,0,0,na,2,-0.102,0.1,-0.0095,0.1,-0.0101,0.1,-0.0081,,1,,,,
GLRA1,,,,,,120,0.3,0.6,0,0,0,0.0474,0.0528,0,0.1809,0,-0.0255,0,1.1,0.9,0,0,0,0,0,0,na,0.5,-0.0255,0,0,0,0,0,0,,1,,,,
SLC6A4,,,,,,120,0.2,1.1,0,0,0,0.0869,0.024,-0.0207,1.1055,0,-0.9662,0.9,0.5,5.5,0,0,0,0,0,0,na,0,0,10,-0.95,0,0,0.2,-0.0162,,1,,,,
CTLA4,,,,,,170,0.2,0,3,0,2,0,0.0768,-0.0414,0.1809,0.42052,-0.4145,1.8,1.6,0.9,0.2278,2359,0,0,0,0.19272,2378,0.2,-0.0102,3,-0.285,0.7,-0.0707,0.6,-0.0486,,1,,,,
NECTIN4,,,,,,179,0.2,0.6,0,0,0,0.0474,0.1584,-0.0207,0.5628,0,-0.5381,0.9,3.3,2.8,0,0,0,0,0,0,na,0,0,3,-0.285,0.1,-0.0101,3,-0.243,,1,,,,
GABRG3,,,,,,120,0.2,1.1,0,0,0,0.0869,0.024,-0.0207,0.1809,0,-0.0893,0.9,0.5,0.9,0,0,0,0,0,0,na,0.6,-0.0306,0,0,0.1,-0.0101,0.6,-0.0486,,1,,,,
CA3,,,,,,120,0.1,0,0,0,0,0,0.1824,0,0.9246,0,-0.9753,0,3.8,4.6,0,0,0,0,0,0,na,1.4,-0.0714,4,-0.38,2.3,-0.2323,3.6,-0.2916,,2,,,,
ADRA1B,,,,,,120,0.1,0,4,1,3,0,0.0528,0,0.1809,0.22403,-1.6905,0,1.1,0.9,0.31195,1633,-0.06528,-0.3264,961,0.23848,1882,4,-0.204,0.5,-0.0475,11.2,-1.1312,3.8,-0.3078,,1,,,,
TOP1MT,,,,,,140,0.1,0,0,0,0,0,0.024,-0.0207,5.7084,0,-5.6125,0.9,0.5,28.4,0,0,0,0,0,0,na,7,-0.357,12,-1.14,29.6,-2.9896,13.9,-1.1259,,2,,,,
MAPK11,,,,,,140,0,0.6,8,0,8,0.0474,0.0768,0,2.7738,1.40159,-4.2518,0,1.6,13.8,0.65535,667,0,0,0,0.74624,459,36,-1.836,5,-0.475,4.7,-0.4747,18.1,-1.4661,,1,,,,
POLA1,,,,,,140,0,1.1,5,0,5,0.0869,0.024,0,0,0.83192,-0.9143,0,0.5,0,0.4148,1166,0,0,0,0.41712,972,3,-0.153,3.5,-0.3325,2,-0.202,2.8,-0.2268,,1,,,,
SSTR2,,,,,,190,0,0,2,0,1,0,0.0768,0,0.7437,0.30337,-1.122,0,1.6,3.7,0.18105,3042,0,0,0,0.12232,3829,8,-0.408,1.7,-0.1615,1.3,-0.1313,5.2,-0.4212,,5,,,,
GABRE,,,,,,180,-0.1,0.6,0,0,0,0.0474,0.1056,0,0,0,-0.2471,0,2.2,0,0,0,0,0,0,0,na,2.5,-0.1275,0.3,-0.0285,0.1,-0.0101,1,-0.081,,1,,,,
GABRG2,,,,,,180,-0.1,0.6,1,0,1,0.0474,0.0528,0,0.1809,0.16138,-0.5495,0,1.1,0.9,0.0901,5828,0,0,0,0.07128,6417,8,-0.408,1,-0.095,0.3,-0.0303,0.2,-0.0162,,1,,,,
HDAC9,,,,,,195,-0.1,1.7,5,0,4,0.1343,0.024,-0.0207,0.1809,0.80904,-1.2385,0.9,0.5,0.9,0.4148,1168,0,0,0,0.39424,1046,7,-0.357,4,-0.38,2.8,-0.2828,2.7,-0.2187,,3,,,,
KCNJ11,,,,,,180,-0.2,0.5,1,0,1,0.0395,0.0288,0,0.9246,0.16487,-1.3397,0,0.6,4.6,0.09095,5793,0,0,0,0.07392,5865,8.7,-0.4437,4,-0.38,1.5,-0.1515,4.5,-0.3645,,1,,,,
GABRA3,,,,,,180,-0.2,0,0,0,0,0,0.1056,-0.0207,0,0,-0.2827,0.9,2.2,0,0,0,0,0,0,0,na,5,-0.255,0.1,-0.0095,0.1,-0.0101,0.1,-0.0081,,1,,,,
GABRQ,,,,,,180,-0.2,1.1,0,0,0,0.0869,0.1056,0,0,0,-0.408,0,2.2,0,0,0,0,0,0,0,na,8,-0.408,0,0,0,0,0,0,,1,,,,
XIAP,,,,,,205,-0.2,0,30,0,6,0,0.024,-0.0207,0,3.08131,-3.3089,0.9,0.5,0,2.55595,299,0,0,0,0.52536,696,1.8,-0.0918,10.3,-0.9785,12.3,-1.2423,12.3,-0.9963,,1,,,,
HDAC4,,,,,,195,-0.2,0.6,0,0,0,0.0474,0.0528,0,1.6683,0,-2.0087,0,1.1,8.3,0,0,0,0,0,0,na,4.7,-0.2397,13,-1.235,2.4,-0.2424,3.6,-0.2916,,3,,,,
PGF,,,,,,200,-0.3,0,4,1,4,0,0.024,0,0.5628,0.30455,-2.5408,0,0.5,2.8,0.31535,1622,-0.06464,-0.3232,1163,0.3124,1347,20,-1.02,3,-0.285,5.9,-0.5959,7.9,-0.6399,,1,,,,
CD274,,,,,,250,-0.3,0.6,0,0,0,0.0474,0.024,0,0.3618,0,-0.752,0,0.5,1.8,0,0,0,0,0,0,na,1.1,-0.0561,1.6,-0.152,3.3,-0.3333,2.6,-0.2106,,2,,,,
GABRG1,,,,,,180,-0.3,0.6,0,0,0,0.0474,0,0,0.3618,0,-0.7293,0,0,1.8,0,0,0,0,0,0,na,14.3,-0.7293,0,0,0,0,0,0,,1,,,,
GABRA1,,,,,,180,-0.4,0,0,0,0,0,0.0528,-0.0207,0.1809,0,-0.5715,0.9,1.1,0.9,0,0,0,0,0,0,na,10,-0.51,0.2,-0.019,0.1,-0.0101,0.4,-0.0324,,1,,,,
CCND1,,,,,,205,-0.4,0,65,2.3,64,0,0.0528,0,1.8492,10.39636,-15.7632,0,1.1,9.2,5.5114,78,-0.14976,-0.7488,249,5.63376,77,20,-1.02,18,-1.71,104.1,-10.5141,31.1,-2.5191,,1,,,,
P2RY12,,,,,,180,-0.4,0,1,0,0,0,0.0768,0,0.5628,0.06885,-1.1,0,1.6,2.8,0.06885,7215,0,0,0,0,na,14,-0.714,1,-0.095,2.4,-0.2424,0.6,-0.0486,,1,,,,
IL6,,,,,,225,-0.5,0.6,12,1.3,10,0.0474,0.0528,0,0.1809,1.47843,-3.983,0,1.1,0.9,1.01235,539,-0.08384,-0.4192,675,0.88528,398,3,-0.153,12,-1.14,13,-1.313,17,-1.377,,1,,,,
GABRA2,,,,,,180,-0.5,0.6,0,0,0,0.0474,0,-0.0207,0.3618,0,-0.9285,0.9,0,1.8,0,0,0,0,0,0,na,4,-0.204,2,-0.19,0.4,-0.0404,6.1,-0.4941,,1,,,,
PDGFRB,,,,,,215,-0.6,1.1,41,0,42,0.0869,0.0528,-0.0207,0.5628,7.1172,-8.3754,0.9,1.1,2.8,3.4476,206,0,0,0,3.6696,171,15,-0.765,25,-2.375,13.1,-1.3231,48.3,-3.9123,,5,,,,
IGF1R,,,,,,210,-0.6,0.6,0,0,0,0.0474,0.1056,-0.0414,1.2864,0,-1.9976,1.8,2.2,6.4,0,0,0,0,0,0,na,6,-0.306,7.3,-0.6935,0.9,-0.0909,11.2,-0.9072,,1,,,,
AURKA,,,,,,255,-0.6,1.1,0,0,0,0.0869,0.0768,0,0.9246,0,-1.6982,0,1.6,4.6,0,0,0,0,0,0,na,1.1,-0.0561,10.2,-0.969,4.9,-0.4949,2.2,-0.1782,,3,,,,
GABRB3,,,,,,180,-0.6,1.7,2,0,2,0.1343,0.024,-0.0414,0.1809,0.2907,-1.2095,1.8,0.5,0.9,0.1411,3724,0,0,0,0.1496,2904,9,-0.459,1.4,-0.133,0.5,-0.0505,7,-0.567,,1,,,,
GABRA5,,,,,,180,-0.7,0.6,0,0,0,0.0474,0.024,0,0.1809,0,-0.9457,0,0.5,0.9,0,0,0,0,0,0,na,18,-0.918,0.1,-0.0095,0.1,-0.0101,0.1,-0.0081,,1,,,,
LIG3,,,,,,190,-0.8,1.1,2,0,2,0.0869,0.1056,0,0.5628,0.38761,-1.9595,0,2.2,2.8,0.18785,2769,0,0,0,0.19976,2175,5,-0.255,6,-0.57,6.1,-0.6161,6.4,-0.5184,,,,,,
ATP2B3,,,,,,180,-0.8,0.6,1,0,1,0.0474,0.1296,0,0,0.16484,-1.173,0,2.7,0,0.0918,5619,0,0,0,0.07304,6211,23,-1.173,0,0,0,0,0,0,,1,,,,
HRH1,,,,,,180,-0.9,0,0,0,0,0,0,0,0.1809,0,-1.0593,0,0,0.9,0,0,0,0,0,0,na,3,-0.153,5.3,-0.5035,0.7,-0.0707,4.1,-0.3321,,1,,,,
HDAC10,,,,,,205,-0.9,0,0,0,0,0,0.0768,0,2.7738,0,-3.7824,0,1.6,13.8,0,0,0,0,0,0,na,6,-0.306,9.8,-0.931,16.3,-1.6463,11.1,-0.8991,,3,,,,
BRAF,,,,,,230,-0.9,1.1,8,0,8,0.0869,0.024,-0.0644,0.1809,1.35404,-2.5228,2.8,0.5,0.9,0.6562,665,0,0,0,0.69784,497,12,-0.612,7,-0.665,6.4,-0.6464,7.4,-0.5994,,4,,,,
STK36,,,,,,180,-1,0.6,1,0,1,0.0474,0.0528,-0.0207,0.7437,0.14189,-1.9949,0.9,1.1,3.7,0.06885,7142,0,0,0,0.07304,6152,5.9,-0.3009,7.1,-0.6745,4.4,-0.4444,7.1,-0.5751,,1,,,,2
TYMS,,,,,,240,-1.1,0.6,6,0,6,0.0474,0.1056,-0.0207,1.1055,1.08453,-3.4487,0.9,2.2,5.5,0.53805,839,0,0,0,0.54648,664,6.9,-0.3519,15,-1.425,11.5,-1.1615,6.3,-0.5103,,7,,,,
ABCC1,,,,,,200,-1.2,0.6,1,0,0,0.0474,0,0,0.3618,0.068,-1.6362,0,0,1.8,0.068,7275,0,0,0,0,na,2.1,-0.1071,7,-0.665,2.3,-0.2323,7.8,-0.6318,,1,,,,
GABRB2,,,,,,170,-1.3,0,1,0,1,0,0.0528,-0.0414,0.1809,0.14623,-1.6132,1.8,1.1,0.9,0.07055,6364,0,0,0,0.07568,5359,28,-1.428,0.5,-0.0475,0,0,1.7,-0.1377,,1,,,,
FRK,,,,,,215,-1.3,0.6,2,0,2,0.0474,0.024,-0.0207,0.1809,0.30676,-1.8624,0.9,0.5,0.9,0.1598,3461,0,0,0,0.14696,3143,0.7,-0.0357,4.9,-0.4655,6.5,-0.6565,8.7,-0.7047,,1,,,,
FLT1,,,,,,240,-1.3,1.7,25,0,25,0.1343,0.024,0,0.7437,4.38546,-6.6308,0,0.5,3.7,2.1573,353,0,0,0,2.22816,263,24,-1.224,10,-0.95,17.1,-1.7271,33.7,-2.7297,,8,,,,
PTPRU,,,,,,160,-1.4,0.6,1,0,1,0.0474,0.0528,0,0.3618,0.1964,-2.0306,0,1.1,1.8,0.0952,4955,0,0,0,0.1012,4057,11,-0.561,2,-0.19,8.9,-0.8989,4.7,-0.3807,,1,,,,
GRIA1,,,,,,150,-1.4,1.1,2,0,2,0.0869,0.0528,-0.0414,0.1809,0.36213,-2.0272,1.8,1.1,0.9,0.21165,2470,0,0,0,0.15048,2851,38,-1.938,0.3,-0.0285,0.2,-0.0202,0.5,-0.0405,,1,,,,
GABRA6,,,,,,150,-1.5,0.6,0,0,0,0.0474,0.0528,0,0.1809,0,-1.734,0,1.1,0.9,0,0,0,0,0,0,na,34,-1.734,0,0,0,0,0,0,,1,,,,
SMO,,,,,,180,-1.5,1.1,1,0,0,0.0869,0.024,-0.0207,3.1356,0.06885,-4.7788,0.9,0.5,15.6,0.06885,7131,0,0,0,0,na,7,-0.357,6,-0.57,23.3,-2.3533,18.5,-1.4985,,1,,,,
ATP2B2,,,,,,150,-1.6,1.1,2,0,1,0.0869,0,-0.0414,0.5628,0.21162,-2.373,1.8,0,2.8,0.1377,3990,0,0,0,0.07392,6072,7,-0.357,0,0,19.8,-1.9998,0.2,-0.0162,,1,,,,
RARB,,,,,,165,-1.6,0.6,2,0,2,0.0474,0.024,0,0.1809,0.30842,-2.1521,0,0.5,0.9,0.1377,3998,0,0,0,0.17072,2720,4,-0.204,3,-0.285,5.8,-0.5858,13.3,-1.0773,,1,,,,
ACVR1,,,,,,165,-1.7,1.1,22,0,3,0.0869,0.0528,0,0.3618,2.15306,-4.3505,0,1.1,1.8,1.8785,399,0,0,0,0.27456,1510,10,-0.51,10.2,-0.969,16,-1.616,15.5,-1.2555,,1,,,,
P3H1,,,,,,150,-1.7,0.6,0,0,0,0.0474,0,0,0.9246,0,-2.6724,0,0,4.6,0,0,0,0,0,0,na,4,-0.204,6.3,-0.5985,12.9,-1.3029,7,-0.567,,1,,,,
DDR2,,,,,,165,-1.7,1.1,2,0,2,0.0869,0.1584,0,2.0301,0.37723,-4.3804,0,3.3,10.1,0.18275,2992,0,0,0,0.19448,2347,8,-0.408,31,-2.945,5.2,-0.5252,6.2,-0.5022,,1,,,,
SSTR1,,,,,,165,-1.8,0.6,1,0,0,0.0474,0,-0.0207,0.7437,0.11135,-2.6566,0.9,0,3.7,0.11135,4864,0,0,0,0,na,6,-0.306,16,-1.52,6.7,-0.6767,1.9,-0.1539,,3,,,,
LIMK1,,,,,,150,-1.9,0,4,0,4,0,0.0528,0,2.3919,0.7605,-5.1144,0,1.1,11.9,0.3689,1344,0,0,0,0.3916,1061,62,-3.162,6.9,-0.6555,4.5,-0.4545,10.4,-0.8424,,1,,,,
FNTB,,,,,,150,-2,0,1,0,1,0,0,0,0.3618,0.1683,-2.49805,0,0,1.8,0.0935,5222,0,0,0,0.0748,5374,15,-0.765,5.5,-0.5225,5.65,-0.57065,7.9,-0.6399,,1,,,,
OGFOD1,,,,,,150,-2,0,0,0,0,0,0.024,-0.0207,0.5628,0,-2.5562,0.9,0.5,2.8,0,0,0,0,0,0,na,5,-0.255,7.3,-0.6935,8.7,-0.8787,9,-0.729,,1,,,,
PDPK1,,,,,,150,-2,0,8,0,8,0,0,0,1.6683,1.40817,-5.0975,0,0,8.3,0.71825,625,0,0,0,0.68992,508,22,-1.122,15,-1.425,12.1,-1.2221,16.4,-1.3284,,2,,,,
CDH11,,,,,,150,-2.1,1.7,0,0,0,0.1343,0,-0.0644,0.3618,0,-2.4857,2.8,0,1.8,0,0,0,0,0,0,na,8.2,-0.4182,11.6,-1.102,1.7,-0.1717,9.8,-0.7938,,2,,,,
DBH,,,,,,150,-2.2,0.6,1,0,0,0.0474,0.024,-0.0414,1.2864,0.0697,-3.6115,1.8,0.5,6.4,0.0697,6847,0,0,0,0,na,0.2,-0.0102,0.4,-0.038,35.2,-3.5552,0.1,-0.0081,,1,,,,40
ATP2C2,,,,,,150,-2.2,1.1,0,0,0,0.0869,0.0528,-0.0207,0.1809,0,-2.5298,0.9,1.1,0.9,0,0,0,0,0,0,na,2,-0.102,24,-2.28,0.1,-0.0101,1.7,-0.1377,,1,,,,
LYN,,,,,,150,-2.5,0,10,0,10,0,0.1296,0,0.7437,1.73043,-5.0756,0,2.7,3.7,0.86275,567,0,0,0,0.86768,403,4.8,-0.2448,31,-2.945,14.1,-1.4241,5.7,-0.4617,,1,,,,
MAPK10,,,,,,150,-2.6,0.6,5,1,5,0.0474,0,-0.0207,0.3618,0.56793,-4.9351,0.9,0,1.8,0.45985,1022,-0.06656,-0.3328,833,0.44088,895,48,-2.448,6.3,-0.5985,2.9,-0.2929,19.7,-1.5957,,1,,,,
SLC5A2,,,,,,150,-2.7,1.7,0,0,0,0.1343,0,0,1.4673,0,-4.2782,0,0,7.3,0,0,0,0,0,0,na,0,0,0.1,-0.0095,0,0,52.7,-4.2687,,1,,,,
FCGR2A,,,,,,180,-2.7,0,0,0,2,0,0.1584,0,2.211,0.198,-5.3099,0,3.3,11,0,0,0,0,0,0.198,2249,24,-1.224,17,-1.615,14.6,-1.4746,12.3,-0.9963,,3,,,,
FCGR2B,,,,,,180,-2.9,1.1,0,0,0,0.0869,0.1584,0,2.211,0,-5.34341,0,3.3,11,0,0,0,0,0,0,na,1.01,-0.05151,8.3,-0.7885,41.3,-4.1713,4.1,-0.3321,,2,,,,
DCK,,,,,,225,-3.2,0,0,0,0,0,0,0,0.1809,0,-3.3682,0,0,0.9,0,0,0,0,0,0,na,9.3,-0.4743,12.9,-1.2255,8.9,-0.8989,9.5,-0.7695,,1,,,,
OGFOD2,,,,,,150,-3.2,0.6,1,0,0,0.0474,0,0,1.4673,0.0714,-4.7841,0,0,7.3,0.0714,5929,0,0,0,0,na,8.7,-0.4437,12,-1.14,20.7,-2.0907,13.7,-1.1097,,1,,,,2
MAP2K4,,,,,,205,-3.5,2.2,5,1.4,5,0.1738,0.1056,-0.0207,0.3618,0.38921,-6.2939,0.9,2.2,1.8,0.41225,1178,-0.08768,-0.4384,517,0.41536,984,36,-1.836,11,-1.045,21.2,-2.1412,15.7,-1.2717,,1,,,,
GABRP,,,,,,180,-3.6,0,0,0,0,0,0.0528,-0.0207,0.3618,0,-3.9674,0.9,1.1,1.8,0,0,0,0,0,0,na,2.6,-0.1326,28,-2.66,6.9,-0.6969,5.9,-0.4779,,1,,,,
JAK1,,,,,,235,-3.8,0.6,50,0,51,0.0474,0,-0.0207,0.5628,8.70935,-13.0986,0.9,0,2.8,4.23895,143,0,0,0,4.4704,123,23,-1.173,40,-3.8,51.5,-5.2015,36.1,-2.9241,,3,,,,
RRM1,,,,,,220,-3.8,1.1,4,0,3,0.0869,0.024,0,0.5628,0.56078,-5.0588,0,0.5,2.8,0.3179,1613,0,0,0,0.24288,1850,6,-0.306,20,-1.9,17.9,-1.8079,12.9,-1.0449,,3,,,,
ATP2B4,,,,,,180,-3.9,0,2,0,1,0,0.0768,0,0.9246,0.25921,-5.1265,0,1.6,4.6,0.16065,3436,0,0,0,0.09856,4595,8,-0.408,32,-3.04,9,-0.909,9.5,-0.7695,,1,,,,
TMLHE,,,,,,180,-3.9,0,1,0,1,0,0.1056,0,0,0.1666,-4.2115,0,2.2,0,0.0918,5726,0,0,0,0.0748,5608,4.2,-0.2142,9,-0.855,18.2,-1.8382,16.1,-1.3041,,1,,,,
PPARG,,,,,,230,-4.1,0,9,0,7,0,0,-0.0207,0.1809,1.41916,-5.6357,0.9,0,0.9,0.8058,584,0,0,0,0.61336,585,3,-0.153,28,-2.66,16.8,-1.6968,13.9,-1.1259,,1,,,,
MAPK9,,,,,,215,-4.1,0.6,8,1.4,9,0.0474,0.0528,0,0.3618,1.0055,-7.3565,0,1.1,1.8,0.6851,643,-0.0864,-0.432,616,0.7524,458,37,-1.887,22,-2.09,17.1,-1.7271,20.4,-1.6524,,1,,,,
IL6R,,,,,,225,-4.1,0,3,0,3,0,0.2064,0,3.3165,0.56586,-8.2075,0,4.3,16.5,0.2737,1915,0,0,0,0.29216,1459,3.5,-0.1785,12,-1.14,56.9,-5.7469,14.1,-1.1421,,1,,,,
FGFR1,,,,,,240,-4.2,0,27,0,27,0,0.1824,0,0.5628,4.66355,-9.5961,0,3.8,2.8,2.25675,332,0,0,0,2.4068,251,30,-1.53,43,-4.085,8.3,-0.8383,38.8,-3.1428,,4,,,,
MAPT,,,,,,180,-4.2,1.7,9,0,8,0.1343,0.1056,0,1.1055,1.45142,-7.0189,0,2.2,5.5,0.7395,612,0,0,0,0.71192,481,110,-5.61,2,-0.19,0.6,-0.0606,14.3,-1.1583,,2,,,,
HDAC8,,,,,,130,-4.3,0,0,0,0,0,0,0,0,0,-4.2745,0,0,0,0,0,0,0,0,0,na,12,-0.612,9.2,-0.874,15.9,-1.6059,14.6,-1.1826,,3,,,,
CDH5,,,,,,140,-4.4,0.6,4,0,4,0.0474,0,-0.0207,0.3618,0.67057,-5.4149,0.9,0,1.8,0.32385,1557,0,0,0,0.34672,1208,10,-0.51,11,-1.045,23.3,-2.3533,18.6,-1.5066,,1,,,,
ADRA1A,,,,,,125,-4.4,1.7,0,1,0,0.1343,0.024,0,0.5628,-0.3296,-6.1566,0,0.5,2.8,0,0,-0.06592,-0.3296,888,0,na,2.1,-0.1071,1.1,-0.1045,58.3,-5.8883,0.7,-0.0567,,1,,,,
PDGFRA,,,,,,150,-4.8,0.6,10,0,9,0.0474,0.024,0,0.1809,1.7051,-6.7721,0,0.5,0.9,0.8823,561,0,0,0,0.8228,422,13,-0.663,26,-2.47,15.5,-1.5655,25.6,-2.0736,,4,,,,
KDM5D,,,,,,140,-4.8,0,0,0,0,0,0,0,0,0,-4.8237,0,0,0,0,0,0,0,0,0,na,8.6,-0.4386,23,-2.185,12.4,-1.2524,11.7,-0.9477,,1,,,,
EGLN3,,,,,,140,-4.9,0,3,0,9,0,0,0,0.3618,1.0135,-6.2486,0,0,1.8,0.2567,2013,0,0,0,0.7568,455,19,-0.969,37,-3.515,4.8,-0.4848,15.8,-1.2798,,1,,,,
ALKBH3,,,,,,195,-5.1,0,0,,,0,0.0768,0,0.1809,0,-5.3712,0,1.6,0.9,0,0,0,0,,0,,16,-0.816,15,-1.425,18,-1.818,16.2,-1.3122,,1,,,,
PARP2,,,,,,235,-5.2,0.6,1,0,1,0.0474,0.024,0,0.3618,0.14277,-5.778,0,0.5,1.8,0.06885,7026,0,0,0,0.07392,6012,29,-1.479,14.9,-1.4155,16.6,-1.6766,14.9,-1.2069,,1,,,,
RARA,,,,,,220,-5.3,0,8,1,7,0,0.1056,0,1.1055,0.96052,-8.8127,0,2.2,5.5,0.697,633,-0.06592,-0.3296,942,0.59312,604,11,-0.561,23,-2.185,41.3,-4.1713,23.4,-1.8954,,1,,,,
HDAC7,,,,,,195,-5.3,0.6,0,0,0,0.0474,0.024,0,0.9246,0,-6.3066,0,0.5,4.6,0,0,0,0,0,0,na,7.3,-0.3723,32,-3.04,5.8,-0.5858,28.5,-2.3085,,3,,,,
CSF1R,,,,,,215,-5.3,0.6,0,0,0,0.0474,0.0528,-0.0207,0.5628,0,-5.9907,0.9,1.1,2.8,0,0,0,0,0,0,na,10.2,-0.5202,23.4,-2.223,26.7,-2.6967,6.8,-0.5508,,2,,,,
P3H2,,,,,,180,-5.5,0.6,0,0,0,0.0474,0.0768,0,0.5628,0,-6.1874,0,1.6,2.8,0,0,0,0,0,0,na,3,-0.153,14,-1.33,6.8,-0.6868,49.6,-4.0176,,1,,,,
HDAC6,,,,,,205,-5.5,0.6,1,0,7,0.0474,0.024,-0.0207,0,0.71147,-6.3016,0.9,0.5,0,0.08755,904,0,0,0,0.62392,568,7,-0.357,13,-1.235,26.5,-2.6765,25.1,-2.0331,,3,,,,
ALKBH2,,,,,,150,-5.9,0.6,0,,,0.0474,0,0,0.3618,0,-6.3298,0,0,1.8,0,0,0,0,,0,,15,-0.765,13,-1.235,31,-3.131,14.8,-1.1988,,1,,,,
ATP2B1,,,,,,150,-5.9,1.1,2,0,2,0.0869,0.024,-0.0207,0.1809,0.30846,-6.5037,0.9,0.5,0.9,0.1615,3366,0,0,0,0.14696,3125,27,-1.377,23,-2.185,18.7,-1.8887,13,-1.053,,1,,,,
NR1I2,,,,,,150,-6.1,0.6,2,0,3,0.0474,0.0528,0,0.3618,0.40621,-6.9311,0,1.1,1.8,0.18445,2915,0,0,0,0.22176,2002,0.1,-0.0051,24,-2.28,46,-4.646,0,0,,3,,,,
AHR,,,,,,150,-6.3,0.6,5,,5,0.0474,0.024,-0.0207,0.1809,0.7904,-7.3211,0.9,0.5,0.9,0.3944,1231,0,0,,0.396,1035,1.7,-0.0867,24,-2.28,43.6,-4.4036,6.8,-0.5508,,1,,,,
HDAC5,,,,,,150,-6.3,1.1,0,0,0,0.0869,0.1056,0,1.8492,0,-8.3901,0,2.2,9.2,0,0,0,0,0,0,na,46,-2.346,25,-2.375,17,-1.717,24.1,-1.9521,,3,,,,
TOP1,,,,,,150,-6.5,0,36,1,6,0,0,0,0.7437,3.13933,-12.2398,0,0,3.7,3.06085,242,-0.08832,-0.4416,465,0.52008,705,18,-0.918,38,-3.61,46.2,-4.6662,37.6,-3.0456,,3,,,,
GART,,,,,,150,-6.6,0,2,0,1,0,0.024,-0.0207,0.1809,0.22764,-7.0469,0.9,0.5,0.9,0.1326,4160,0,0,0,0.09504,4869,12,-0.612,20,-1.9,28.7,-2.8987,20.2,-1.6362,,1,,,,
PARP3,,,,,,150,-6.7,0,0,0,0,0,0,0,0.5628,0,-7.2134,0,0,2.8,0,0,0,0,0,0,na,11.3,-0.5763,22,-2.09,28.5,-2.8785,20.6,-1.6686,,1,,,,
WEE1,,,,,,150,-6.8,0,7,0,7,0,0.024,0,0.5628,1.20445,-8.5901,0,0.5,2.8,0.60605,734,0,0,0,0.5984,600,1.8,-0.0918,16,-1.52,56.1,-5.6661,16.2,-1.3122,,1,,,,
RAF1,,,,,,150,-6.8,0,49,1,48,0,0,-0.0207,0.3618,8.03832,-16.5509,0.9,0,1.8,4.1548,146,-0.06528,-0.3264,1008,4.20992,137,27,-1.377,51,-4.845,67.3,-6.7973,43.6,-3.5316,,3,,,,
ABCC5,,,,,,150,-6.9,0.6,0,0,0,0.0474,0.0768,-0.0207,0.5628,0,-7.6101,0.9,1.6,2.8,0,0,0,0,0,0,na,40,-2.04,16,-1.52,7.7,-0.7777,40.4,-3.2724,,1,,,,
TOP2B,,,,,,180,-7.1,1.7,4,0,3,0.1343,0.024,0,0.1809,0.56766,-7.9784,0,0.5,0.9,0.2975,1729,0,0,0,0.27016,1597,17,-0.867,29,-2.755,21.8,-2.2018,26.6,-2.1546,,1,,,,
P4HTM,,,,,,150,-7.2,0.6,1,0,0,0.0474,0.024,0,0.9246,0.07055,-8.2556,0,0.5,4.6,0.07055,6402,0,0,0,0,na,50,-2.55,23,-2.185,11.6,-1.1716,29,-2.349,,1,,,,
NEU1,,,,,,165,-7.3,0,0,0,0,0,0.1056,0,1.6683,0,-9.1109,0,2.2,8.3,0,0,0,0,0,0,na,14.2,-0.7242,21,-1.995,29.2,-2.9492,42.5,-3.4425,,2,,,,
HDAC11,,,,,,180,-7.4,0,0,0,0,0,0,0,0.3618,0,-7.7889,0,0,1.8,0,0,0,0,0,0,na,78,-3.978,12.4,-1.178,6.5,-0.6565,24.4,-1.9764,,3,,,,
PARP1,,,,,,195,-7.5,0.6,10,0,8,0.0474,0.0768,0,1.6683,1.55274,-10.8837,0,1.6,8.3,0.8109,582,0,0,0,0.74184,464,48,-2.448,32,-3.04,36.1,-3.6461,21.6,-1.7496,,2,,,,
MAPK3,,,,,,200,-7.7,0,82,2,81,0,0,0,1.6683,13.50067,-25.1586,0,0,8.3,6.93515,44,-0.1088,-0.544,378,7.10952,44,190,-9.69,100,-9.5,20.6,-2.0806,48,-3.888,,1,,,,
FUBP1,,,,,,150,-7.8,0,2,0,2,0,0,0,0.3618,0.35867,-8.5342,0,0,1.8,0.20995,2491,0,0,0,0.14872,3021,17,-0.867,29,-2.755,18,-1.818,38.2,-3.0942,,1,,,,
MAP2K1,,,,,,200,-7.9,0,35,1,35,0,0,0,0.5628,5.74049,-15.548,0,0,2.8,3.00305,247,-0.06464,-0.3232,1122,3.06064,205,70,-3.57,24,-2.28,71.8,-7.2518,30.2,-2.4462,,3,,,,
HDAC3,,,,,,220,-8.2,0,0,0,0,0,0.0528,0,0.3618,0,-8.5708,0,1.1,1.8,0,0,0,0,0,0,na,12,-0.612,23,-2.185,38.4,-3.8784,23.4,-1.8954,,3,,,,
LIMK2,,,,,,150,-8.5,0.6,4,0,3,0.0474,0,0,0.5628,0.56554,-9.6511,0,0,2.8,0.3077,1640,0,0,0,0.25784,1683,25,-1.275,31,-2.945,32.2,-3.2522,26.9,-2.1789,,1,,,,
CRBN,,,,,,150,-8.5,0,1,0,1,0,0,0,0.1809,0.14623,-8.8465,0,0,0.9,0.07055,6291,0,0,0,0.07568,5291,29,-1.479,19,-1.805,33.1,-3.3431,27.4,-2.2194,,3,,,,
DPYD,,,,,,250,-8.5,1.7,0,,0,0.1343,0,0,0.5628,0,-9.2286,0,0,2.8,0,0,0,0,,0,na,4,-0.204,14,-1.33,66.4,-6.7064,12.2,-0.9882,,1,,,,
IL2RG,,,,,,150,-8.8,0,9,0,8,0,0.024,0,0,1.42204,-10.2738,0,0.5,0,0.7242,620,0,0,0,0.69784,499,4,-0.204,80,-7.6,19,-1.919,6.8,-0.5508,,1,,,,
PLOD3,,,,,,190,-8.8,0,0,0,0,0,0.1296,0,3.4974,0,-12.46,0,2.7,17.4,0,0,0,0,0,0,na,28,-1.428,30,-2.85,52.7,-5.3227,35.3,-2.8593,,1,,,,
ATIC,,,,,,210,-8.9,0.6,2,0,1,0.0474,0.0768,-0.0414,0.1809,0.3306,-9.5271,1.8,1.6,0.9,0.2074,2580,0,0,0,0.1232,3697,17,-0.867,28.6,-2.717,33.5,-3.3835,31.6,-2.5596,,1,,,,
DHFR,,,,,,240,-9,0.6,2,0,1,0.0474,0,0,0.7437,0.26005,-10.0426,0,0,3.7,0.13685,4026,0,0,0,0.1232,3720,12,-0.612,20,-1.9,58.2,-5.8782,20.4,-1.6524,,1,,,,
PLOD2,,,,,,190,-9.2,0,0,0,0,0,0.0528,0,0.7437,0,-10.0056,0,1.1,3.7,0,0,0,0,0,0,na,10,-0.51,23,-2.185,55.3,-5.5853,21.3,-1.7253,,1,,,,
P4HA1,,,,,,210,-9.4,2.8,0,2,0,0.2212,0.0528,0,0.5628,-0.544,-11.9862,0,1.1,2.8,0,0,-0.1088,-0.544,371,0,na,16,-0.816,13,-1.235,70.7,-7.1407,34.5,-2.7945,,1,,,,
CISH,,,,,,210,-9.5,0.6,4,0,4,0.0474,0.024,0,0.5628,0.61603,-10.7756,0,0.5,2.8,0.29835,1727,0,0,0,0.31768,1331,1.5,-0.0765,10.1,-0.9595,59.3,-5.9893,46.3,-3.7503,,1,,,,
EGLN1,,,,,,190,-10.1,0,2,0,2,0,0.0768,0,1.4673,0.37896,-11.9942,0,1.6,7.3,0.1836,2943,0,0,0,0.19536,2330,17,-0.867,27,-2.565,54.7,-5.5247,37.5,-3.0375,,1,,,,
FGFR3,,,,,,220,-10.1,0.6,5,0,4,0.0474,0.1056,0,1.2864,0.75036,-12.3079,0,2.2,6.4,0.4318,1116,0,0,0,0.31856,1324,89,-4.539,7,-0.665,39.7,-4.0097,38.2,-3.0942,,2,,,,
CXCR4,,,,,,215,-10.7,1.1,9,0,9,0.0869,0.024,0,0.1809,1.59673,-12.5969,0,0.5,0.9,0.78625,588,0,0,0,0.81048,429,16,-0.816,45,-4.275,51.7,-5.2217,28.2,-2.2842,,3,,,,
CDK4,,,,,,215,-10.7,0.6,11,1,10,0.0474,0.0768,0,1.1055,1.36976,-15.1152,0,1.6,5.5,0.9452,547,-0.08704,-0.4352,583,0.85976,407,28,-1.428,43,-4.085,50,-5.05,56.2,-4.5522,,1,,,,
ATP2C1,,,,,,180,-10.8,1.1,1,0,0,0.0869,0.0528,0,0.3618,0.068,-11.3657,0,1.1,1.8,0.068,7289,0,0,0,0,na,42,-2.142,31,-2.945,27.6,-2.7876,43.1,-3.4911,,1,,,,
FGFR4,,,,,,205,-11,0.6,5,0,4,0.0474,0.0768,0,1.1055,0.76978,-12.9585,0,1.6,5.5,0.4301,1125,0,0,0,0.33968,1247,0.9,-0.0459,17,-1.615,80.5,-8.1305,39.1,-3.1671,,1,,,,
STAT3,,,,,,240,-11,0.6,76,1,76,0.0474,0.0768,0,1.1055,12.73437,-26.715,0,1.6,5.5,6.48805,56,-0.0864,-0.432,603,6.67832,54,25,-1.275,55,-5.225,140,-14.14,75,-6.075,,1,,,,
FCGR3A,,,,,,195,-11.2,0,0,0,0,0,0.1584,0,2.3919,0,-13.7912,0,3.3,11.9,0,0,0,0,0,0,na,34,-1.734,5,-0.475,108.5,-10.9585,7.7,-0.6237,,3,,,,
TXNRD1,,,,,,210,-11.9,0,2,0,2,0,0,-0.0207,0.1809,0.32194,-12.4005,0.9,0,0.9,0.1785,3069,0,0,0,0.14344,3286,16,-0.816,43,-4.085,44.9,-4.5349,36.6,-2.9646,,1,,,,
MPG,,,,,,165,-11.9,0,2,0,2,0,0,0,2.5728,0.36131,-14.873,0,0,12.8,0.20995,2520,0,0,0,0.15136,2842,34,-1.734,41,-3.895,65.3,-6.5953,32.7,-2.6487,,2,,,,
HDAC2,,,,,,235,-12.3,0,0,0,0,0,0.024,-0.0414,0.1809,0,-12.4211,1.8,0.5,0.9,0,0,0,0,0,0,na,30,-1.53,41,-3.895,33.5,-3.3835,44.6,-3.6126,,3,,,,
ATP2A2,,,,,,180,-13.5,1.1,4,0,3,0.0869,0,-0.0207,0.1809,0.59746,-14.3225,0.9,0,0.9,0.3009,1697,0,0,0,0.29656,1403,35,-1.785,47,-4.465,53.3,-5.3833,33.2,-2.6892,,1,,,,
EGLN2,,,,,,195,-13.5,0,1,0,1,0,0.1584,-0.0207,3.1356,0.16565,-16.9719,0.9,3.3,15.6,0.06885,7134,0,0,0,0.0968,4816,67,-3.417,38,-3.61,56.2,-5.6762,52.7,-4.2687,,1,,,,
PLOD1,,,,,,180,-13.9,0.6,1,0,1,0.0474,0.0528,0,1.1055,0.21243,-15.345,0,1.1,5.5,0.11475,4696,0,0,0,0.09768,4675,21,-1.071,32,-3.04,75.7,-7.6457,44.3,-3.5883,,2,,,,
MAP2,,,,,,195,-14.4,0,4,0,3,0,0,0,0.5628,0.55337,-15.548,0,0,2.8,0.30345,1662,0,0,0,0.24992,1708,70,-3.57,24,-2.28,71.8,-7.2518,30.2,-2.4462,,2,,,,
MAP2K2,,,,,,200,-14.5,0,4,0,4,0,0,-0.0207,1.6683,0.68745,-16.8261,0.9,0,8.3,0.34425,1464,0,0,0,0.3432,1232,46,-2.346,80,-7.6,43.9,-4.4339,30.2,-2.4462,,3,,,,
VEGFB,,,,,,190,-15.5,0,2,0,2,0,0.024,0,2.9547,0.41444,-18.8811,0,0.5,14.7,0.2006,2690,0,0,0,0.21384,2126,110,-5.61,24,-2.28,42.9,-4.3329,82.2,-6.6582,,1,,,,
MGEA5,,,,,,255,-16.4,0,1,0,0,0,0,0,0,0.07055,-16.5032,0,0,0,0.07055,6383,0,0,0,0,na,60,-3.06,56,-5.32,44.9,-4.5349,44.3,-3.5883,,1,,,,
TYK2,,,,,,180,-16.8,0.6,8,0,8,0.0474,0,0,1.4673,1.30606,-19.6309,0,0,7.3,0.6443,687,0,0,0,0.66176,534,36,-1.836,38,-3.61,90,-9.09,62.9,-5.0949,,2,,,,
HDAC1,,,,,,220,-17,0,0,0,0,0,0,0,0.1809,0,-17.1919,0,0,0.9,0,0,0,0,0,0,na,10,-0.51,93,-8.835,40.4,-4.0804,46.5,-3.7665,,3,,,,
METAP2,,,,,,190,-17.6,0.6,3,0,3,0.0474,0,0,0.3618,0.47421,-18.4465,0,0,1.8,0.25245,2085,0,0,0,0.22176,2012,38,-1.938,41,-3.895,81.9,-8.2719,53.6,-4.3416,,1,,,,
FGFR2,,,,,,210,-19.8,0,0,0,0,0,0.024,0,0.3618,0,-20.1976,0,0.5,1.8,0,0,0,0,0,0,na,280,-14.28,17,-1.615,26.4,-2.6664,20.2,-1.6362,,3,,,,
DDAH1,,,,,,200,-23.4,0.6,1,0,1,0.0474,0,0,0.3618,0.1445,-23.9175,0,0,1.8,0.0697,6721,0,0,0,0.0748,5712,58,-2.958,36,-3.42,77.1,-7.7871,120.4,-9.7524,,1,,,,
PAM,,,,,,170,-24.2,0.6,1,0,1,0.0474,0.0528,0,0.1809,0.21762,-24.672,0,1.1,0.9,0.1173,4317,0,0,0,0.10032,4227,53,-2.703,110,-10.45,21.1,-2.1311,115.9,-9.3879,,1,,,,
ATP5F1E,,,,,,185,-26.9,0,0,0,0,0,0.0768,0,1.2864,0,-28.2351,0,1.6,6.4,0,0,0,0,0,0,na,70,-3.57,70,-6.65,78.2,-7.8982,124.9,-10.1169,,1,,,,
VEGFA,,,,,,255,-29.3,0,57,2,2,0,0,0,1.6683,4.40264,-37.9515,0,0,8.3,4.862,103,-0.12672,-0.6336,320,0.17424,104,23,-1.173,65,-6.175,211.9,-21.4019,113.6,-9.2016,,5,,,,
PSMB5,,,,,,235,-30.6,0.6,7,1,6,0.0474,0.024,0,1.1055,0.7269,-33.8772,0,0.5,5.5,0.5661,792,-0.06464,-0.3232,1150,0.484,793,138,-7.038,79,-7.505,115.4,-11.6554,94.8,-7.6788,,1,,,,
CXCL12,,,,,,230,-34.6,0,23,0,23,0,0,0,0.3618,3.93669,-38.9376,0,0,1.8,1.93205,390,0,0,0,2.00464,283,12,-0.612,48,-4.56,240,-24.24,117.6,-9.5256,,1,,,,
C1QC,,,,,,200,-38.6,0.6,0,0,0,0.0474,0.024,0,0.9246,0,-39.5498,0,0.5,4.6,0,0,0,0,0,0,na,56,-2.856,178,-16.91,163.8,-16.5438,40,-3.24,,3,,,,
CMPK1,,,,,,150,-39.9,0,0,0,0,0,0,0,0.7437,0,-40.6383,0,0,3.7,0,0,0,0,0,0,na,8.3,-0.4233,124,-11.78,218.9,-22.1089,78.1,-6.3261,,1,,,,
C1QA,,,,,,170,-41.3,0.6,0,0,0,0.0474,0.024,0,0.9246,0,-42.2995,0,0.5,4.6,0,0,0,0,0,0,na,57,-2.907,129,-12.255,224.9,-22.7149,54.6,-4.4226,,3,,,,
MAP4,,,,,,160,-42.1,0.6,4,0,4,0.0474,0.024,0,0.5628,0.6221,-43.4052,0,0.5,2.8,0.3009,1691,0,0,0,0.3212,1300,401,-20.451,100,-9.5,64.4,-6.5044,85.8,-6.9498,,2,,,,
C1QB,,,,,,170,-43.8,0.6,0,0,0,0.0474,0.024,0,0.9246,0,-44.8296,0,0.5,4.6,0,0,0,0,0,0,na,65,-3.315,169,-16.055,237.8,-24.0178,17.8,-1.4418,,3,,,,
BBOX1,,,,,,150,-48.9,0,2,0,0,0,0.0528,0,1.1055,0.15385,-50.2072,0,1.1,5.5,0.15385,3599,0,0,0,0,na,15,-0.765,0.1,-0.0095,127.9,-12.9179,450.8,-36.5148,,1,,,,
PSCA,,,,,,160,-51.9,0,0,0,0,0,0.4176,0,5.1657,0,-57.5295,0,8.7,25.7,0,0,0,0,0,0,na,0.3,-0.0153,600,-57,0.6,-0.0606,5.6,-0.4536,,1,,,,
PSMB1,,,,,,170,-62.7,0,7,0,5,0,0.024,-0.0207,0.3618,1.02638,-64.0619,0.9,0.5,1.8,0.5899,754,0,0,0,0.43648,907,110,-5.61,150,-14.25,298.9,-30.1889,173,-14.013,,1,,,,
ATOX1,,,,,,150,-64.7,0,0,0,0,0,0.0528,0,0.3618,0,-65.1426,0,1.1,1.8,0,0,0,0,0,0,na,289,-14.739,80,-7.6,254.5,-25.7045,211.1,-17.0991,,2,,,,
CBR1,,,,,,150,-74.3,0,1,0,1,0,0,0,0.1809,0.19294,-74.6301,0,0,0.9,0.0935,5368,0,0,0,0.09944,4400,190,-9.69,319,-30.305,245,-24.745,122.1,-9.8901,,1,,,,
ATP5D,,,,,,150,-78.4,0,2,0,0,0,0,0,0,0.15895,-78.5201,0,0,0,0.15895,3498,0,0,0,0,na,193,-9.843,132,-12.54,356.2,-35.9762,248.9,-20.1609,,2,,,,
PHYH,,,,,,150,-84.6,0.6,0,0,0,0.0474,0.0768,0,0.3618,0,-85.1351,0,1.6,1.8,0,0,0,0,0,0,na,20.8,-1.0608,39.5,-3.7525,647.3,-65.3773,184.5,-14.9445,,1,,,,
SLC2A2,,,,,,150,-85.6,0,2,0,1,0,0.1296,0,0.9246,0.23714,-86.9363,0,2.7,4.6,0.1377,3970,0,0,0,0.09944,4370,0,0,28,-2.66,810.6,-81.8706,29.7,-2.4057,,1,,,,
ATP5C1,,,,,,150,-87.3,0,18,0,2,0,0,0,0,1.71435,-89.002,0,0,0,1.54275,449,0,0,0,0.1716,2658,110,-5.61,170,-16.15,357,-36.057,385,-31.185,,1,,,,
FOS,,,,,,210,-94.4,0,77,1,74,0,0.024,-0.0207,0.1809,12.77096,-108.7221,0.9,0.5,0.9,6.5824,53,-0.06592,-0.3296,914,6.51816,57,140,-7.14,530,-50.35,301.3,-30.4313,256.8,-20.8008,,1,,,,
GSTP1,,,,,,130,-106.3,0.6,5,0,3,0.0474,0.0528,0,2.5728,0.64572,-109.6117,0,1.1,12.8,0.4046,1195,0,0,0,0.24112,1863,370,-18.87,438,-41.61,44,-4.444,551.7,-44.6877,,1,,,,
ATP5O,,,,,,115,-118.9,0,2,0,1,0,0,0,0,0.30168,-119.2394,0,0,0,0.204,2654,0,0,0,0.09768,4760,328,-16.728,290,-27.55,389,-39.289,440.4,-35.6724,,1,,,,
CA2,,,,,,115,-131.1,0,1,0,0,0,0.1824,0,0.9246,0.0697,-132.3234,0,3.8,4.6,0.0697,6851,0,0,0,0,na,130,-6.63,769,-73.055,265.1,-26.7751,319.3,-25.8633,,2,,,,
ATP5A1,,,,,,115,-149.8,0,20,0,5,0,0,0,0,2.14687,-151.952,0,0,0,1.72975,427,0,0,0,0.41712,970,250,-12.75,410,-38.95,428,-43.228,704,-57.024,,1,,,,
ATP4A,,,,,,115,-152.4,1.1,0,0,0,0.0869,0.1584,0,2.9547,0,-155.6444,0,3.3,14.7,0,0,0,0,0,0,na,0,0,1638,-155.61,0.1,-0.0101,0.3,-0.0243,,2,,,,
A2M,,,,,,135,-162,0.6,29,0,5,0.0474,0.0768,-0.0207,0,2.87614,-164.949,0.9,1.6,0,2.4599,309,0,0,0,0.41624,978,75,-3.825,150,-14.25,1212,-122.412,302,-24.462,,2,,,,
HSPB1,,,,,,180,-182.4,0,9,0,7,0,0.0528,0,2.0301,1.41048,-185.8493,0,1.1,10.1,0.8024,585,0,0,0,0.60808,590,380,-19.38,360,-34.2,541.3,-54.6713,958,-77.598,,1,,,,
ATP5B,,,,,,180,-199,0,28,0,4,0,0,0,0,2.72323,-201.741,0,0,0,2.37915,318,0,0,0,0.34408,1223,260,-13.26,580,-55.1,590,-59.59,911,-73.791,,1,,,,
REG1A,,,,,,150,-388.8,0.6,0,0,0,0.0474,0,-0.0207,0.1809,0,-389.0154,0.9,0,0.9,0,0,0,0,0,0,na,2.5,-0.1275,4000,-380,15.5,-1.5655,90.4,-7.3224,,1,,,,
SERPINC1,,,,,,180,-492.5,0.6,2,0,1,0.0474,0.1296,0,2.211,0.21508,-495.102,0,2.7,11,0.1394,3853,0,0,0,0.07568,5113,0,0,0,0,4902,-495.102,0,0,,3,,,,
TF,,,,,,185,-747.6,0.6,3,0,3,0.0474,0,0,0.3618,0.58969,-748.5663,0,0,1.8,0.29665,1733,0,0,0,0.29304,1455,257,-13.107,1.2,-0.114,7278,-735.078,3.3,-0.2673,,2,,,,
ORM2,,,,,,165,-875.4,0,0,0,0,0,0.024,0,0.7437,0,-876.1757,0,0.5,3.7,0,0,0,0,0,0,na,0.1,-0.0051,22,-2.09,8652.9,-873.9429,1.7,-0.1377,,1,,,,
ORM1,,,,,,165,-4231.4,0,1,0,0,0,0.024,0,0.5628,0.0697,-4232.0802,0,0.5,2.8,0.0697,6759,0,0,0,0,na,0.1,-0.0051,6,-0.57,41892,-4231.092,5.1,-0.4131,,1,,,,
,,,,,,,,,,,,0,0,0,0,,,,,,0,,0,0,,0,,,0,,0,,0,,0,,,,,,
,,,,,,,,,,,,0,0,0,0,,,,,,0,,0,0,,0,,,0,,0,,0,,0,,,,,,
,,,,,,,,,,,,0,0,0,0,,,,,,0,,0,0,,0,,,0,,0,,0,,0,,,,,,
,,,,,,,,,,,,0,0,0,0,,,,,,0,,0,0,,0,,,0,,0,,0,,0,,,,,,
,,,,,,,,,,,,0,0,0,0,,,,,,0,,0,0,,0,,,0,,0,,0,,0,,,,,,
,,,,,,,,,,,,0,0,0,0,,,,,,0,,0,0,,0,,,0,,0,,0,,0,,,,,,
,,,,,,,,,,,,0,0,0,0,,,,,,0,,0,0,,0,,,0,,0,,0,,0,,,,,,
,,,,,,,,,,,,0,0,0,0,,,,,,0,,0,0,,0,,,0,,0,,0,,0,,,,,,
,,,,,,,,,,,,0,0,0,0,,,,,,0,,0,0,,0,,,0,,0,,0,,0,,,,,,
,,,,,,,,,,,,0,0,0,0,,,,,,0,,0,0,,0,,,0,,0,,0,,0,,,,,,
,,,,,,,,,,,,0,0,0,0,,,,,,0,,0,0,,0,,,0,,0,,0,,0,,,,,,
,,,,,,,,,,,,0,0,0,0,,,,,,0,,0,0,,0,,,0,,0,,0,,0,,,,,,
,,,,,,,,,,,,0,0,0,0,,,,,,0,,0,0,,0,,,0,,0,,0,,0,,,,,,
,,,,,,,,,,,,0,0,0,0,,,,,,0,,0,0,,0,,,0,,0,,0,,0,,,,,,
,,,,,,,,,,,,0,0,0,0,,,,,,0,,0,0,,0,,,0,,0,,0,,0,,,,,,
,,,,,,,,,,,,0,0,0,0,,,,,,0,,0,0,,0,,,0,,0,,0,,0,,,,,,
,,,,,,,,,,,,0,0,0,0,,,,,,0,,0,0,,0,,,0,,0,,0,,0,,,,,,
,,,,,,,,,,,,0,0,0,0,,,,,,0,,0,0,,0,,,0,,0,,0,,0,,,,,,
,,,,,,,,,,,,0,0,0,0,,,,,,0,,0,0,,0,,,0,,0,,0,,0,,,,,,
,,,,,,,,,,,,0,0,0,0,,,,,,0,,0,0,,0,,,0,,0,,0,,0,,,,,,
,,,,,,,,,,,,0,0,0,0,,,,,,0,,0,0,,0,,,0,,0,,0,,0,,,,,,
,,,,,,,,,,,,0,0,0,0,,,,,,0,,0,0,,0,,,0,,0,,0,,0,,,,,,
,,,,,,,,,,,,0,0,0,0,,,,,,0,,0,0,,0,,,0,,0,,0,,0,,,,,,
,,,,,,,,,,,,0,0,0,0,,,,,,0,,0,0,,0,,,0,,0,,0,,0,,,,,,
,,,,,,,,,,,,0,0,0,0,,,,,,0,,0,0,,0,,,0,,0,,0,,0,,,,,,
,,,,,,,,,,,,0,0,0,0,,,,,,0,,0,0,,0,,,0,,0,,0,,0,,,,,,
,,,,,,,,,,,,0,0,0,0,,,,,,0,,0,0,,0,,,0,,0,,0,,0,,,,,,
,,,,,,,,,,,,0,0,0,0,,,,,,0,,0,0,,0,,,0,,0,,0,,0,,,,,,
,,,,,,,,,,,,0,0,0,0,,,,,,0,,0,0,,0,,,0,,0,,0,,0,,,,,,
,,,,,,,,,,,,0,0,0,0,,,,,,0,,0,0,,0,,,0,,0,,0,,0,,,,,,
,,,,,,,,,,,,0,0,0,0,,,,,,0,,0,0,,0,,,0,,0,,0,,0,,,,,,
,,,,,,,,,,,,0,0,0,0,,,,,,0,,0,0,,0,,,0,,0,,0,,0,,,,,,
,,,,,,,,,,,,0,0,0,0,,,,,,0,,0,0,,0,,,0,,0,,0,,0,,,,,,
,,,,,,,,,,,,0,0,0,0,,,,,,0,,0,0,,0,,,0,,0,,0,,0,,,,,,
,,,,,,,,,,,,0,0,0,0,,,,,,0,,0,0,,0,,,0,,0,,0,,0,,,,,,
,,,,,,,,,,,,0,0,0,0,,,,,,0,,0,0,,0,,,0,,0,,0,,0,,,,,,
